first_name,last_name,company
Elizabeth,Morris,"Duncan, Edwards and Martin"
Angela,Melendez,Cannon-Castro
Curtis,Goodman,Hawkins PLC
Dana,Levy,Hunter and Sons
Deborah,Thomas,Stewart-Villarreal
Robert,Callahan,"Price, Jones and Wright"
Melanie,Hull,Camacho Group
Paul,Hernandez,Davis-Richardson
Rodney,Porter,Morrow PLC
Cynthia,Walsh,Nelson-Fowler
Robert,Le,Wood Group
Amanda,Hayes,Davenport-Daugherty
Joe,Williams,Merritt PLC
Shaun,Thomas,Flores-Ford
Lauren,Salinas,"Oconnell, Smith and Gordon"
Keith,Adams,"Thompson, Vazquez and Hogan"
Brittany,Estrada,"Brown, Garner and Ruiz"
Richard,Anderson,James Group
Stanley,Hill,Kaufman Inc
Jessica,Martinez,Frey and Sons
Ronald,Patterson,Cook LLC
Tanner,Marquez,Curtis-Solomon
Melissa,Wade,Davis-Villarreal
Lisa,Kelly,White-Austin
Nathaniel,Greene,"Martinez, Roman and Wilson"
John,Sanders,"Roy, Galvan and Robbins"
Denise,Juarez,"Kline, Nelson and Wright"
Gail,Whitehead,Lee PLC
Alan,Horn,Becker-Hubbard
Brian,Garza,"Ryan, Sosa and Roach"
Cody,Gentry,Rodriguez Inc
Traci,Moore,Miller Inc
Debra,Cooper,Hampton Ltd
Erika,Smith,"Gibbs, Barrett and Lopez"
Nathan,White,"Potter, Cameron and Shaffer"
Matthew,Morales,Lindsey PLC
Travis,Ross,Hunt LLC
Alexander,Holden,Flores-Turner
Patrick,Murphy,Carter-Reed
Tiffany,Jones,West-Thomas
Alexander,Marshall,Jacobson PLC
Angela,Hanson,"Barber, Williams and Houston"
Kathy,Miller,"Johnston, Garcia and Roberts"
Jon,Myers,Richmond Inc
Kathleen,Frederick,Cooper-Brown
Amanda,Parker,Boone-Morrison
Shelly,Reid,"Thompson, Riley and Martin"
Justin,Lara,"Palmer, Holland and Velasquez"
Patricia,Acosta,Snyder Group
Mark,Howe,Wong-Thompson
